{"cameraMode":{"drawMode":0,"name":"Shaded","section":"Shading Mode"},"sceneLighting":false,"audioPlay":false,"sceneViewState":{"m_AlwaysRefresh":false,"showFog":true,"showSkybox":false,"showFlares":true,"showImageEffects":true,"showParticleSystems":true,"showVisualEffectGraphs":true,"m_FxEnabled":true},"in2DMode":false,"pivot":{"x":0.08452868461608887,"y":1.4905955791473389,"z":-0.8932161331176758},"rotation":{"x":-0.11810462921857834,"y":0.875808835029602,"z":-0.27121663093566897,"w":-0.3813820481300354},"size":3.9326531887054445,"orthographic":false}