{"cameraMode":{"drawMode":0,"name":"Shaded","section":"Shading Mode"},"sceneLighting":true,"audioPlay":false,"sceneViewState":{"m_AlwaysRefresh":false,"showFog":true,"showSkybox":true,"showFlares":true,"showImageEffects":true,"showParticleSystems":true,"showVisualEffectGraphs":true,"m_FxEnabled":true},"in2DMode":false,"pivot":{"x":-0.03949054703116417,"y":0.15427304804325105,"z":0.05069824680685997},"rotation":{"x":-0.12121447175741196,"y":0.06902625411748886,"z":-0.008449728600680828,"w":-0.9901883006095886},"size":0.22123552858829499,"orthographic":false}