{"cameraMode":{"drawMode":0,"name":"Shaded","section":"Shading Mode"},"sceneLighting":true,"audioPlay":false,"sceneViewState":{"m_AlwaysRefresh":false,"showFog":true,"showSkybox":true,"showFlares":true,"showImageEffects":true,"showParticleSystems":true,"showVisualEffectGraphs":true,"m_FxEnabled":true},"in2DMode":false,"pivot":{"x":891.2750244140625,"y":565.9920654296875,"z":68.23646545410156},"rotation":{"x":0.020701361820101739,"y":0.02578710950911045,"z":-0.0005340364878065884,"w":0.9994535446166992},"size":626.8414306640625,"orthographic":true}