{"cameraMode":{"drawMode":0,"name":"Shaded","section":"Shading Mode"},"sceneLighting":true,"audioPlay":false,"sceneViewState":{"m_AlwaysRefresh":false,"showFog":true,"showSkybox":true,"showFlares":true,"showImageEffects":true,"showParticleSystems":true,"showVisualEffectGraphs":true,"m_FxEnabled":true},"in2DMode":false,"pivot":{"x":10.481700897216797,"y":54.441593170166019,"z":27.85912322998047},"rotation":{"x":0.24584569036960603,"y":0.007271393667906523,"z":-0.0018398225074633957,"w":0.9692831039428711},"size":32.22676467895508,"orthographic":false}