{"cameraMode":{"drawMode":0,"name":"Shaded","section":"Shading Mode"},"sceneLighting":true,"audioPlay":false,"sceneViewState":{"m_AlwaysRefresh":false,"showFog":true,"showSkybox":true,"showFlares":true,"showImageEffects":true,"showParticleSystems":true,"showVisualEffectGraphs":true,"m_FxEnabled":true},"in2DMode":false,"pivot":{"x":69.88735961914063,"y":5.430929660797119,"z":-0.9040403366088867},"rotation":{"x":0.07133890688419342,"y":-0.5880468487739563,"z":0.05217871814966202,"w":0.8039859533309937},"size":11.986235618591309,"orthographic":false}